Title,Column2,Channel Name,Upload Date
Example of Using Data Scraping,https://docs.uipath.com/studio/docs/example-of-using-data-scraping,,
Web Data Extraction Automation - UiPath,https://www.uipath.com/learning/video-tutorials/web-data-extraction-automation,,
Data Scraping In Webpage Automation Using UiPath Studio,https://www.c-sharpcorner.com/article/data-scraping-in-a-webpage-automation-using-uipath-studio/,,
About Data Scraping with UiPath | Robotic Process Automation,https://www.soais.com/data-scraping-with-uipath/,,
Screen Scraping software for desktop and web - UiPath,https://www.uipath.com/solutions/technology/screen-scraping,05-Dec-2014 · Uploaded by UiPath,
UiPath Basics #10 - Data Scraping to Excel - YouTube,https://www.youtube.com/watch?v=kOPfG44-CBw,,
Web Data Extraction in Hindi| UiPath RPA - YouTube,https://www.youtube.com/watch?v=mip15KZKyTs,,
Data Scrapping - uipath tutorials for beginners - YouTube,https://www.youtube.com/watch?v=mFQzvetMj0w,,
Uipath Web Data Scraping | RPA - YouTube,https://www.youtube.com/watch?v=zV0vElUJ6JY,,
Extract Structured Data - UiPath Tutorial 26 - YouTube,https://www.youtube.com/watch?v=lt2p2o_OhPg,,
Automate Web Data Extraction - UiPath Studio - YouTube,https://www.youtube.com/watch?v=96pDRsPbb10,,
Screen Scraping in UiPath - YouTube,https://www.youtube.com/watch?v=vc7Eq78P97w,,
Data scraping using Uipath - YouTube,https://www.youtube.com/watch?v=yDpsq5v4UTo,,
UiPath Basics #11 - Screen Scraping with Get Text - YouTube,https://www.youtube.com/watch?v=MdNVjWWkD98,,
Automate Web Data Extraction - UiPath Studio - YouTube,https://www.youtube.com/watch?v=CIsJGvvdz6Q,27-Dec-2017 · Uploaded by EasyWay2Learn,
Advanced Data Scraping using UiPath Part-- 1 - YouTube,https://www.youtube.com/watch?v=r3fiDWKMfyg,,
UiPath Tutorial 27 - Automate Web Data Extraction | Part 2,https://www.youtube.com/watch?v=CgqpSLerjLs,,
Web Scrape and Follow URL Links in UiPath Example Tutorial,https://www.youtube.com/watch?v=kkFpiNmseos,,
UiPath Tutorial 11 - PDF Data Extraction | Screen Scraping,https://www.youtube.com/watch?v=1jQuMgH395M,,
Data Scrape Web Text to Excel with UiPath Example - YouTube,https://www.youtube.com/watch?v=NPpEUSp1AwY,,
How to extract Web Data to Excel with UiPath - Full Tutorial,https://www.youtube.com/watch?v=VSTS-Xg1IIA,,
Citrix Automation. Click Relative to a Scraped Text - UiPath,https://www.uipath.com/learning/video-tutorials/citrix-automation-click-scraped-text,,
Real Time Project in UiPath | Data Scraping - YouTube,https://www.youtube.com/watch?v=4D1Zpk9J1Q4,,
100% accurate Web Automation with RPA - UiPath,https://www.uipath.com/solutions/technology/web-automation,,
HTML Data Scraping in UiPath Example - YouTube,https://www.youtube.com/watch?v=AxWGAEinzG4,26-Aug-2020 · Uploaded by Cameron McKenzie,
Citrix Automation. OCR Data Extraction - UiPath,https://www.uipath.com/learning/video-tutorials/citrix-automation-ocr-data-extraction,,
UI Automation and Data Inputs - UiPath,https://www.uipath.com/learning/video-tutorials/ui-automation-and-data-inputs,,
"Screen Scraping in Any Application (Desktops, .NET, Java ...",https://www.youtube.com/watch?v=B2CF-DLFVkQ,,
Data Manipulation Tutorial with Studio | UiPath,https://www.uipath.com/learning/video-tutorials/data-manipulation-with-studio,,
Dynamic Data Scraping UiPath - YouTube,https://www.youtube.com/watch?v=Yf9ioKA_Il0,,
Web Automation. Automate Web Data Entry. CSV to Salesforce,https://www.uipath.com/learning/video-tutorials/web-automation-data-entry-csv-salesforce,,
Recording & Screen Scraping with UiPath - Intellipaat Blog,https://intellipaat.com/blog/tutorial/rpa-tutorial/recording-screen-scraping-uipath/,,
RPA Solutions by Technology | UiPath,https://www.uipath.com/solutions/technology,,
How to scrap selected table from PDF invoice - Studio - UiPath ...,https://forum.uipath.com/t/how-to-scrap-selected-table-from-pdf-invoice/301978,,
Create Variables Tutorial in Studio | UiPath,https://www.uipath.com/learning/video-tutorials/creating-variables-in-studio,16-Jan-2021,
Image and Text Automation - UiPath,https://www.uipath.com/learning/video-tutorials/citrix,,
Selectors Tutorial - How to Identify Elements on Screen | UiPath,https://www.uipath.com/learning/video-tutorials/how-to-identify-elements-on-screen,,
9. Scraping Data from the Web - Kubicle,https://kubicle.com/learn/rpa-with-uipath/scraping-data-from-the-web,,
difference between data scraping and screen scraping in uipath,https://www.youtube.com/watch?v=NNm4dUZwjOU,,
Excel Automation Tutorial with StudioX | UiPath,https://www.uipath.com/learning/video-tutorials/excel-automation-with-studiox,,
Excel Automation Tutorial - DataTables Automation | UiPath,https://www.uipath.com/learning/video-tutorials/excel-datatables-automation,,
Application Integration. REST Web Service and JSON - UiPath,https://www.uipath.com/learning/video-tutorials/application-integration-rest-web-service-json,,
4 Web Scraping Tools To Save You Time On Data Extraction,https://tech.co/news/4-web-scraping-tools-save-time-data-extraction-2015-03,,
Introduction,https://docs.uipath.com/studio/v2020.4/docs/introduction,,
The Technical Journey of UiPath,https://www.uipath.com/newsroom/the-technical-journey-of-uipath,22-Feb-2018 · Uploaded by UiPath,
Application Testing,https://docs.uipath.com/studio/docs/application-testing,,
Never Forget Special Occasions With Reliable Friend Bot,https://www.uipath.com/community/rpa-community-blog/never-forget-special-occasions-with-content-automation-robot,,
How to use Data Scraping > Extract Wizard? - Help - UiPath ...,https://forum.uipath.com/t/how-to-use-data-scraping-extract-wizard/193213,,
SAP Automation Video Tutorial - UiPath,https://www.uipath.com/learning/video-tutorials/sap-automation,,
Introduction,https://docs.uipath.com/studio/docs/introduction,,
UiPath Essesntial Training - 4 3 Selectors,https://www.uipath.com/learning/video-tutorials/selectors,,
The User Interface - UiPath Studio,https://docs.uipath.com/studio/docs/the-user-interface,,
8. Scraping Text from Multiple Pages - Kubicle,https://kubicle.com/learn/rpa-with-uipath/scraping-text-from-multiple-pages,,
Web Scraping in UiPath,https://www.rpacertified.com/2021/05/15/rpa-web-scraping.html,,
Creating a Basic Process,https://docs.uipath.com/studio/docs/creating-basic-process,06-Jul-2019,
"Understand selectors, recordings & automating web applications",https://community.uipath.com/events/details/uipath-learners-presents-part-2-understand-selectors-recordings-automating-web-applications/,,
Creating a Basic Process,https://docs.uipath.com/studio/v2020.4/docs/creating-basic-process,,
Weather for a week - Studio - UiPath Community Forum,https://forum.uipath.com/t/weather-for-a-week/264582,,
Screen Scraping - UiPath for beginners - YouTube,https://www.youtube.com/watch?v=JnPK6HvJv2A,,
Dynamically Handled | Get Text OCR - YouTube,https://www.youtube.com/watch?v=hIRkrOBc2-g,,
UiPath – Robotic Process Automation Software,https://webscraping.pro/uipath-robotic-process-automation-software/,,
How To Read Google SpreadSheet Data In UiPath,https://forum.uipath.com/t/how-to-read-google-spreadsheet-data-in-uipath/118375,,
Introduction - UiPath Documentation Portal,https://docs.uipath.com/document-understanding/docs/introduction,,
Robotic Process Automation Using Ui Path | Pier Paolo Ippolito,https://pierpaolo28.github.io/blog/blog2/,,
Robotic Process Automation (RPA) Using UIPath - Towards ...,https://towardsdatascience.com/robotic-process-automation-rpa-using-uipath-7b4645aeea5a,26-Apr-2019 · Uploaded by Pier Paolo Ippolito,
LinkedIn Data Scraping using UiPath - YouTube,https://www.youtube.com/watch?v=2kRKS_UkuDE,,
"Variables, Data Types & Activities In UiPath - Edureka",https://www.edureka.co/blog/variables-data-types-activities-in-uipath,,
Introduction,https://docs.uipath.com/studio/lang-en_US/docs/introduction,,
7. Scraping Text from a Screen - Kubicle,https://kubicle.com/learn/rpa-with-uipath/scraping-text-from-a-screen,,
Enforce the Governance Policy - UiPath Documentation Portal,https://docs.uipath.com/studio/docs/governance,,
Building Custom Rules,https://docs.uipath.com/studio/docs/building-custom-rules,,
"UiPath Data Scraping Example | Jquery, Inference, Excel",https://www.pinterest.com/pin/749638300467818815/,,
"Features, Components And Architecture of UiPath - Simplilearn",https://www.simplilearn.com/tutorials/rpa-tutorial/what-is-uipath,,
Passing data to a process - UiPath Video Tutorial - LinkedIn,https://www.linkedin.com/learning/uipath-essential-training/passing-data-to-a-process,,
UiPath Tutorial for Beginners | Get Started with ... - Edureka,https://www.edureka.co/blog/uipath-tutorial/,14-Sep-2020 · Uploaded by edureka!,
Top 30 UiPath Interview Questions With Answers for 2021,https://www.simplilearn.com/tutorials/rpa-tutorial/uipath-interview-questions,,
Exctract table from pdf to excel - Studio - UiPath Forum,https://forum.uipath.com/t/exctract-table-from-pdf-to-excel/266938,,
Uipath RPA ID card Process Using NanoNets OCR,https://nanonets.com/blog/uipath-rpa-id-card-extraction/,,
Invoice data Extraction - Document understanding - UiPath ...,https://forum.uipath.com/t/invoice-data-extraction-document-understanding/302089,,
Pick the Best RPA Tools Among the Top 10 | Octoparse,https://www.octoparse.com/blog/the-best-rpa-tools-in-2021,,
Leading UiPath Partner Unlocking RPA Benefits - Chetu,https://www.chetu.com/solutions/uipath.php,,
Configure the Governance File - UiPath Documentation Portal,https://docs.uipath.com/studio/v2020.10/docs/governance,,
How to Screen scrap from SAP screen - Studio - UiPath Forum,https://forum.uipath.com/t/how-to-screen-scrap-from-sap-screen/229513,,
UiPath Enterprise RPA Platform Reviews & Ratings 2021,https://www.trustradius.com/products/uipath-enterprise-rpa-platform/reviews,,
Pros and Cons of UiPath Enterprise RPA Platform 2021,https://www.trustradius.com/products/uipath-enterprise-rpa-platform/reviews?qs=pros-and-cons,17-Sep-2018 · Uploaded by UiPath,
Use Case: Validate Excel and Update - First Senson in UiPath,https://www.youtube.com/watch?v=bRc4BDlpeoc,,
How to apply Regex to saved PDF email - Help - UiPath Forum,https://forum.uipath.com/t/how-to-apply-regex-to-saved-pdf-email/119870,,
How to use Data Scraping in UiPath ? - SpendBots,https://spendbots.com/rpa/how-to-use-data-scraping-in-uipath/,,
UiPath® RPA Mainframe Automation with HostBridge,https://www.hostbridge.com/uipath-rpa-mainframe-automation-with-hostbridge/,,
Features of native screen scraping method. - UiPath,https://www.rpacertified.com/2020/09/09/act-Native-screenscraping.html,,
The User Interface - UiPath Studio,https://docs.uipath.com/studio/v2020.4/docs/the-user-interface,,
Extracting Line Items From Invoices Using REGEX - UiPath,https://rpatools.com/2020/08/how-to-extracting-line-items-from-invoices-using-regex-uipath-by-aditya/,,
The User Interface - UiPath Documentation Portal,https://docs.uipath.com/studio/v2020.10/docs/the-user-interface,,
Ui Path » Broca Consultancy Services,https://broca.co.nz/technology-partners/ui-path/,,
Project Organization vIDEO TUTORIAL - UiPath,https://www.uipath.com/learning/video-tutorials/project-organization,25-Jan-2017 · Uploaded by UiPath,
简介 - UiPath Documentation Portal,https://docs.uipath.com/document-understanding/lang-zh_CN/docs/introduction,,
Data Pattern Matching - UiPath Associate & Developer ...,https://www.rpacertified.com/2020/09/09/data-extract-pattern-based-data.html,,
Einleitung,https://docs.uipath.com/studio/lang-de/docs/introduction,,
Top 67 RPA Usecases / Applications/ Examples [2021],https://research.aimultiple.com/robotic-process-automation-use-cases/,,
Robotic Process Automation Real World Use Case in Aircraft ...,https://dms-solutions.co/blog/robotic-process-automation-real-world-use-case-in-aircraft-engineering-industry-hong-kong/,,
